Workbook

Sheet Full Stats
A1: CAMPUS PLACEMENTS - 2025-2026
A2: Stream | F2: Building | G2: Chemical | I2: Computer | N2: Electrical | S2: Mechanical
A3: Sl.no. | B3: Recruitment Team Visited | C3: Type | D3: Category | E3: Date of Visit/Result announce | F3: CV | G3: BT | H3: CH | I3: CS | J3: AIML | K3: CC | L3: IT | M3: DS | N3: BM | O3: EC | P3: EE | Q3: EI | R3: CPS | S3: AE | T3: AU | U3: IP | V3: ME | W3: MT | X3: BE Total | Y3: CTC(Lakhs per annum)
F4: =[1]Summary!$U$4 -> 24 | G4: =[1]Summary!$U$5 -> 53 | H4: =[1]Summary!$U$6 -> 38 | I4: =[1]Summary!$U$7 -> 183 | J4: =[1]Summary!$U$8 -> 123 | K4: =[1]Summary!$U$9 -> 159 | L4: =[1]Summary!$U$10 -> 168 | M4: =[1]Summary!$U$11 -> 109 | N4: =[1]Summary!$U$12 -> 47 | O4: =[1]Summary!$U$13 -> 154 | P4: =[1]Summary!$U$14 -> 78 | Q4: =[1]Summary!$U$15 -> 57 | R4: =[1]Summary!$U$16 -> 55 | S4: =[1]Summary!$U$17 -> 50 | T4: =[1]Summary!$U$18 -> 20 | U4: =[1]Summary!$U$19 -> 19 | V4: =[1]Summary!$U$20 -> 120 | W4: =[1]Summary!$U$21 -> 105 | X4: =SUM(F4:W4) -> 1562
A5: 1 | B5: Deloitte | C5: P | D5: Consulting | E5: 45771 | J5: 1 | X5: =SUM(F5:W5) -> 1 | Y5: 1200000
A6: 2 | B6: Fischer Jordan PPO | C6: P+I | D6: Analytics | E6: 45812 | I6: 2 | X6: =SUM(F6:W6) -> 2 | Y6: 2478000
A7: 3 | B7: Goldman Sachs PPO | C7: P+I | D7: Fintech | E7: 45859 | I7: 2 | K7: 3 | X7: =SUM(F7:W7) -> 5 | Y7: 3000000
A8: 4 | B8: WDC PPO | C8: P+I | D8: Core IT | E8: 45859 | I8: 1 | L8: 1 | O8: 3 | X8: =SUM(F8:W8) -> 5 | Y8: 2181000
A9: 5 | B9: D E Shaw PPO | C9: P+I | D9: Fintech | E9: 45860 | K9: 1 | X9: =SUM(F9:W9) -> 1 | Y9: 3000000
A10: 6 | B10: ITC Foods PPO | C10: P+I | D10: FMCG | E10: 45862 | H10: 1 | Q10: 1 | X10: =SUM(F10:W10) -> 2 | Y10: 1400000
A11: 7 | B11: Saviynt | C11: P+I | D11: Core IT | E11: 45863 | J11: 5 | L11: 2 | X11: =SUM(F11:W11) -> 7 | Y11: 2000000
A12: 8 | B12: Uber PPO | C12: P | D12: Core IT | E12: 45864 | J12: 1 | X12: =SUM(F12:W12) -> 1 | Y12: 4100399
A13: 9 | B13: Volvo | C13: P | D13: Core Engg | E13: 45867 | O13: 2 | V13: 2 | W13: 1 | X13: =SUM(F13:W13) -> 5 | Y13: 750000
A14: 10 | B14: AQR Capital PPO | C14: P | D14: Fintech | E14: 45867 | L14: 2 | X14: =SUM(F14:W14) -> 2 | Y14: 3430600
A15: 11 | B15: GE Healthcare PPO | C15: P+I | D15: Healthcare | E15: 45869 | I15: 1 | K15: 1 | L15: 1 | X15: =SUM(F15:W15) -> 3 | Y15: 1620012
A16: 12 | B16: Boeing PPO | C16: P | D16: Core Engg | E16: 45874 | J16: 2 | L16: 4 | O16: 1 | S16: 1 | X16: =SUM(F16:W16) -> 8 | Y16: 1088038
A17: 13 | B17: JP Morgan PPO | C17: P+I | D17: Fintech | E17: 45874 | I17: 2 | K17: 1 | X17: =SUM(F17:W17) -> 3 | Y17: 1975000
A18: 14 | B18: VISA PPO | C18: P+I | D18: Fintech | E18: 45876 | J18: 1 | X18: =SUM(F18:W18) -> 1 | Y18: 1657000
A19: 15 | B19: Komprise | C19: P+I | D19: Core IT | E19: 45876 | I19: 1 | X19: =SUM(F19:W19) -> 1 | Y19: 2200000
A20: 16 | B20: Oracle | C20: P+I | D20: Core IT | E20: 45877 | I20: 1 | J20: 3 | K20: 1 | L20: 1 | X20: =SUM(F20:W20) -> 6 | Y20: 2136442
A21: 17 | B21: Wellsfargo PPO | C21: P | D21: Fintech | E21: 45880 | J21: 1 | K21: 1 | X21: =SUM(F21:W21) -> 2 | Y21: 2400000
A22: 18 | B22: Meesho | C22: P+I | D22: Core IT | E22: 45880 | I22: 1 | J22: 2 | K22: 2 | M22: 2 | O22: 1 | X22: =SUM(F22:W22) -> 8 | Y22: 2350000
A23: 19 | B23: JP Morgan | C23: P | D23: Fintech | E23: 45882 | K23: 1 | M23: 1 | X23: =SUM(F23:W23) -> 2 | Y23: 1975000
A24: 20 | B24: SAP Labs | C24: P+I | D24: Core IT | E24: 45882 | I24: 2 | J24: 1 | K24: 4 | L24: 8 | M24: 2 | O24: 1 | X24: =SUM(F24:W24) -> 18 | Y24: 2602080
A25: 21 | B25: BNY Mellon PPO | C25: P | D25: Fintech | E25: 45886 | I25: 1 | J25: 1 | L25: 1 | M25: 1 | X25: =SUM(F25:W25) -> 4 | Y25: 2200000
A26: 22 | B26: Microsoft PPO | C26: P | D26: Core IT | E26: 45888 | I26: 3 | K26: 2 | L26: 1 | X26: =SUM(F26:W26) -> 6 | Y26: 5100000
A27: 23 | B27: MUFG | C27: P+I | D27: Fintech | E27: 45888 | I27: 1 | L27: 2 | M27: 1 | X27: =SUM(F27:W27) -> 4 | Y27: 1900000
A28: 24 | B28: Sabre (BA) | C28: P+I | D28: Core IT | E28: 45889 | L28: 1 | M28: 2 | X28: =SUM(F28:W28) -> 3 | Y28: 1329120
A29: 25 | B29: Sabre (SE) | C29: P+I | D29: Coer IT | E29: 45889 | L29: 1 | X29: =SUM(F29:W29) -> 1 | Y29: 1384500
A30: 26 | B30: ITC Foods | C30: P | D30: FMCG | E30: 45889 | Q30: 1 | V30: 1 | X30: =SUM(F30:W30) -> 2 | Y30: 1400000
A31: 27 | B31: Cisco (HW) | C31: P+I | D31: Core Engg | E31: 45891 | O31: 3 | X31: =SUM(F31:W31) -> 3 | Y31: 2473633
A32: 28 | B32: Goldman Sachs PPO | C32: P+I | D32: Fintech | E32: 45891 | P32: 1 | V32: 1 | X32: =SUM(F32:W32) -> 2 | Y32: 875000
A33: 29 | B33: Schneider Electric | C33: P+I | D33: Core Engg | E33: 45891 | K33: 2 | O33: 3 | P33: 1 | W33: 2 | X33: =SUM(F33:W33) -> 8 | Y33: 1200000
A34: 30 | B34: Saviynt | C34: P+I | D34: Core IT | E34: 45892 | I34: 1 | L34: 1 | X34: =SUM(F34:W34) -> 2 | Y34: 2000000
A35: 31 | B35: ABB | C35: P+I | D35: Core Engg | E35: 45893 | K35: 1 | M35: 1 | X35: =SUM(F35:W35) -> 2 | Y35: 1000000
A36: 32 | B36: HPE CPP | C36: P+I | D36: Core IT | E36: 45893 | I36: 4 | X36: =SUM(F36:W36) -> 4 | Y36: 1750000
A37: 33 | B37: Cisco PPO | C37: P+I | D37: Core IT | E37: 45897 | I37: 2 | K37: 1 | L37: 2 | X37: =SUM(F37:W37) -> 5 | Y37: 2473633
A38: 34 | B38: Kenvue PPO | C38: P+I | D38: FMCG | E38: 45898 | I38: 2 | K38: 1 | X38: =SUM(F38:W38) -> 3 | Y38: 1905062
A39: 35 | B39: IBM | C39: P+I | D39: Core IT | E39: 45898 | I39: 1 | J39: 4 | K39: 3 | L39: 5 | M39: 2 | R39: 1 | X39: =SUM(F39:W39) -> 16 | Y39: 1875000
A40: 36 | B40: ZS Associates (BTSA) | C40: P+I | D40: Consulting | E40: 45898 | I40: 3 | K40: 8 | L40: 5 | M40: 1 | O40: 1 | X40: =SUM(F40:W40) -> 18 | Y40: 1415600
A41: 37 | B41: ZS Associates (DAA) | C41: P+I | D41: Consulting | E41: 45898 | I41: 1 | J41: 1 | K41: 2 | L41: 3 | M41: 2 | P41: 1 | Q41: 1 | R41: 2 | V41: 2 | W41: 1 | X41: =SUM(F41:W41) -> 16 | Y41: 1415600
A42: 38 | B42: Rystad Energy | C42: P+I | D42: Analytics | E42: 45901 | I42: 1 | J42: 2 | K42: 1 | L42: 1 | M42: 3 | Q42: 1 | V42: 1 | X42: =SUM(F42:W42) -> 10 | Y42: 1090000
A43: 39 | B43: Bottomline | C43: P+I | D43: Core IT | E43: 45901 | I43: 2 | J43: 1 | L43: 1 | M43: 3 | X43: =SUM(F43:W43) -> 7 | Y43: 1400000
A44: 40 | B44: GE Healthcare (Non CS) | C44: P+I | D44: Core Engg | E44: 45904 | J44: 1 | K44: 1 | P44: 1 | V44: 2 | X44: =SUM(F44:W44) -> 5 | Y44: 1253278
A45: 41 | B45: Ge Healthcare (CS Role) | C45: P+I | D45: Core Engg | E45: 45904 | O45: 1 | X45: =SUM(F45:W45) -> 1 | Y45: 1620012
A46: 42 | B46: SanDisk | C46: P+I | D46: Core IT | E46: 45905 | I46: 2 | L46: 1 | X46: =SUM(F46:W46) -> 3 | Y46: 1950000
A47: 43 | B47: Beghou Consulting | C47: P | D47: Consulting | E47: 45905 | K47: 1 | L47: 2 | M47: 2 | S47: 1 | X47: =SUM(F47:W47) -> 6 | Y47: 850000
A48: 44 | B48: Okta India | C48: P+I | D48: Core IT | E48: 45909 | I48: 2 | L48: 1 | R48: 1 | X48: =SUM(F48:W48) -> 4 | Y48: 1377100
A49: 45 | B49: Deloitte USI Consulting | C49: P | D49: Consulting | E49: 45909 | I49: 5 | J49: 2 | K49: 4 | L49: 2 | M49: 1 | O49: 1 | Q49: 3 | W49: 3 | X49: =SUM(F49:W49) -> 21 | Y49: 760000
A50: 46 | B50: Deloitte Capstone | C50: P | D50: Consulting | E50: 45909 | J50: 2 | L50: 8 | O50: 3 | R50: 1 | W50: 1 | X50: =SUM(F50:W50) -> 15 | Y50: 760000
A51: 47 | B51: Deloitte India | C51: P+I | D51: Consulting | E51: 45909 | I51: 2 | J51: 6 | K51: 9 | L51: 8 | M51: 1 | O51: 10 | P51: 2 | Q51: 3 | R51: 2 | U51: 1 | V51: 1 | W51: 2 | X51: =SUM(F51:W51) -> 47 | Y51: 760000
A52: 48 | B52: Verizon | C52: P | D52: Core IT | E52: 45910 | I52: 1 | J52: 2 | K52: 3 | X52: =SUM(F52:W52) -> 6 | Y52: 900825
A53: 49 | B53: Fractal Analytics | C53: P | D53: Analytics | E53: 45911 | I53: 1 | K53: 3 | L53: 1 | X53: =SUM(F53:W53) -> 5 | Y53: 950000
A54: 50 | B54: LinkedIn PPO | C54: P+I | D54: Core IT | E54: 45911 | J54: 1 | X54: =SUM(F54:W54) -> 1
A55: 51 | B55: Relanto Global | C55: P+I | D55: Consulting | E55: 45911 | J55: 2 | X55: =SUM(F55:W55) -> 2 | Y55: 852938
A56: 52 | B56: FlipKart | C56: P+I | D56: Core Engg | E56: 45916 | O56: 3 | Q56: 4 | R56: 1 | S56: 3 | V56: 1 | X56: =SUM(F56:W56) -> 12 | Y56: 1450000
A57: 53 | B57: Accenture | C57: P | D57: Core IT | E57: 45918 | J57: 1 | K57: 1 | X57: =SUM(F57:W57) -> 2 | Y57: 1081724
A58: 54 | B58: Twara Robotics | C58: P+I | D58: Core Engg | E58: 45920 | V58: 1 | W58: 2 | X58: =SUM(F58:W58) -> 3 | Y58: 1150000
A59: 55 | B59: Qwixpert | C59: P+I | D59: Core IT | E59: 45920 | L59: 2 | Q59: 1 | X59: =SUM(F59:W59) -> 3 | Y59: 1000000
A60: 56 | B60: TVS Motors | C60: P | D60: Core Engg | E60: 45922 | V60: 1 | X60: =SUM(F60:W60) -> 1 | Y60: 800000
A61: 57 | B61: Forma AI | C61: P+I | D61: Core IT | E61: 45923 | K61: 1 | L61: 1 | P61: 1 | V61: 1 | X61: =SUM(F61:W61) -> 4 | Y61: 1500000
A62: 58 | B62: Oracle CAGIU | C62: P+I | D62: Core IT | E62: 45925 | J62: 2 | X62: =SUM(F62:W62) -> 2 | Y62: 982054
A63: 59 | B63: KPMG | C63: P+I | D63: Analytics | E63: 45925 | G63: 1 | I63: 2 | J63: 2 | K63: 1 | L63: 1 | M63: 1 | O63: 1 | P63: 1 | Q63: 1 | R63: 2 | U63: 1 | V63: 2 | X63: =SUM(F63:W63) -> 16 | Y63: 600000
A64: 60 | B64: KPMG Digital Trust | C64: P+I | D64: Analytics | E64: 45925 | L64: 1 | P64: 1 | W64: 1 | X64: =SUM(F64:W64) -> 3 | Y64: 500000
A65: 61 | B65: EGDK | C65: P+I | D65: Core IT | E65: 45926 | I65: 5 | M65: 1 | X65: =SUM(F65:W65) -> 6 | Y65: 1305000
A66: 62 | B66: Commonwealth Bank | C66: P | D66: Fintech | E66: 45927 | I66: 1 | K66: 2 | L66: 4 | M66: 1 | X66: =SUM(F66:W66) -> 8 | Y66: 1235000
A67: 63 | B67: Sigmoid Analytics | C67: P+I | D67: Core IT | E67: 45927 | J67: 3 | L67: 2 | M67: 2 | X67: =SUM(F67:W67) -> 7 | Y67: 800000
A68: 64 | B68: Indus Insights(I2P) | C68: P+I | D68: Core IT | E68: 45930 | J68: 2 | M68: 2 | O68: 1 | V68: 1 | X68: =SUM(F68:W68) -> 6 | Y68: 1850000
A69: 65 | B69: Tredence Analytics (DS) | C69: P | D69: Analytics | E69: 45931 | I69: 1 | J69: 1 | L69: 1 | X69: =SUM(F69:W69) -> 3 | Y69: 1200000
A70: 66 | B70: Tredence Analytics (DA) | C70: P | D70: Analytics | E70: 45931 | K70: 1 | L70: 2 | R70: 1 | X70: =SUM(F70:W70) -> 4 | Y70: 1000000
A71: 67 | B71: Simnovus | C71: P+I | D71: Core IT | E71: 45933 | I71: 3 | K71: 1 | L71: 1 | X71: =SUM(F71:W71) -> 5 | Y71: 1440000
A72: 68 | B72: Cynlr | C72: P+I | D72: Core IT | E72: 45936 | P72: 1 | X72: =SUM(F72:W72) -> 1 | Y72: 950000
A73: 69 | B73: Dentsu Global | C73: P | D73: Core IT | E73: 45938 | I73: 2 | L73: 2 | M73: 2 | X73: =SUM(F73:W73) -> 6 | Y73: 850000
A74: 70 | B74: Impact Analytics | C74: P+I | D74: Analytics | E74: 45940 | I74: 2 | J74: 1 | M74: 1 | X74: =SUM(F74:W74) -> 4 | Y74: 1300000
A75: 71 | B75: GEP Worldwide | C75: P+I | D75: Consulting | E75: 45940 | G75: 1 | J75: 1 | V75: 1 | W75: 1 | X75: =SUM(F75:W75) -> 4 | Y75: 900000
A76: 72 | B76: Oracle Finance | C76: P | D76: Fintech | E76: 45944 | I76: 3 | J76: 2 | K76: 1 | L76: 1 | M76: 1 | X76: =SUM(F76:W76) -> 8 | Y76: 2136442
A77: 73 | B77: Daimler | C77: P | D77: Core Engg | E77: 45945 | R77: 1 | X77: =SUM(F77:W77) -> 1 | Y77: 1000000
A78: 74 | B78: Unilever | C78: P+I | D78: Core IT | E78: 45946 | I78: 1 | L78: 1 | X78: =SUM(F78:W78) -> 2 | Y78: 900000
A79: 75 | B79: IDFC First Bank | C79: P+I | D79: Fintech | E79: 45946 | I79: 1 | K79: 3 | L79: 1 | X79: =SUM(F79:W79) -> 5 | Y79: 1600000
A80: 76 | B80: TAFE | C80: P | D80: Core Engg | E80: 45947 | T80: 1 | V80: 1 | X80: =SUM(F80:W80) -> 2 | Y80: 700000
A81: 77 | B81: UD Trucks | C81: P+I | D81: Core Engg | E81: 45947 | I81: 1 | X81: =SUM(F81:W81) -> 1 | Y81: 750000
A82: 78 | B82: UD Trucks | C82: P | D82: Consulting | E82: 45947 | K82: 1 | L82: 1 | X82: =SUM(F82:W82) -> 2 | Y82: 750000
A83: 79 | B83: EY India | C83: P+I | D83: Consulting | E83: 45947 | J83: 2 | L83: 3 | X83: =SUM(F83:W83) -> 5 | Y83: 919423
A84: 80 | B84: Caterpillar | C84: P+I | D84: Core Engg | E84: 45947 | X84: =SUM(F84:W84) -> 0
A85: 81 | B85: Asian Paints | C85: P | D85: Core Engg | E85: 45953 | V85: 1 | X85: =SUM(F85:W85) -> 1 | Y85: 1160000
A86: 82 | B86: Super AGI | C86: P+I | D86: Core IT | E86: 45953 | I86: 3 | K86: 1 | L86: 2 | X86: =SUM(F86:W86) -> 6 | Y86: 1200000
A87: 83 | B87: IBM | C87: P+I | D87: Core IT | E87: 45959 | I87: 1 | K87: 1 | L87: 2 | X87: =SUM(F87:W87) -> 4 | Y87: 1875000
A88: 84 | B88: Infosys (ITES) | C88: P | D88: ITES | E88: 45959 | H88: 1 | I88: 8 | J88: 14 | K88: 2 | L88: 7 | M88: 9 | N88: 1 | O88: 8 | P88: 3 | Q88: 3 | R88: 3 | W88: 8 | X88: =SUM(F88:W88) -> 67 | Y88: 360000
A89: 85 | B89: NXP Semiconductors | C89: P | D89: Core Engg | E89: 45961 | O89: 3 | X89: =SUM(F89:W89) -> 3 | Y89: 2364000
A90: 86 | B90: Maruti Suzuki | C90: P | D90: Core Engg | E90: 45964 | V90: 6 | W90: 2 | X90: =SUM(F90:W90) -> 8 | Y90: 956000
A91: 87 | B91: Boeing | C91: P | D91: Core Engg | E91: 45961 | L91: 1 | P91: 2 | V91: 1 | X91: =SUM(F91:W91) -> 4 | Y91: 1088038
A92: 88 | B92: Mangalore Infotech (Unicourt) | C92: P+I | D92: Core IT | E92: 45961 | K92: 1 | X92: =SUM(F92:W92) -> 1 | Y92: 950000
A93: 89 | B93: ICICI Bank | C93: P | D93: Fintech | E93: 45964 | K93: 5 | L93: 3 | O93: 2 | Q93: 1 | R93: 2 | X93: =SUM(F93:W93) -> 13 | Y93: 1200000
A94: 90 | B94: Incedo | C94: P+I | D94: Core IT | E94: 45967 | I94: 1 | J94: 1 | M94: 3 | R94: 2 | X94: =SUM(F94:W94) -> 7 | Y94: 755000
A95: 91 | B95: Reliance Industries | C95: P | D95: Core Engg | E95: 45967 | H95: 1 | O95: 1 | P95: 3 | Q95: 1 | V95: 2 | X95: =SUM(F95:W95) -> 8 | Y95: 750000
A96: 92 | B96: Optum | C96: P | D96: Healthcare | E96: 45968 | I96: 4 | J96: 2 | K96: 1 | L96: 3 | M96: 4 | X96: =SUM(F96:W96) -> 14 | Y96: 1921000
A97: 93 | B97: Tata Motors | C97: P | D97: Core Engg | E97: 45971 | P97: 2 | T97: 3 | W97: 12 | X97: =SUM(F97:W97) -> 17 | Y97: 1050000
A98: 94 | B98: Analog Devices | C98: P | D98: Core Engg | E98: 45971 | O98: 1 | X98: =SUM(F98:W98) -> 1 | Y98: 3174905
A99: 95 | B99: Amlak | C99: P | D99: Core Engg | E99: 45971 | Q99: 1 | X99: =SUM(F99:W99) -> 1 | Y99: 800000
A100: 96 | B100: ELGi Equipments | C100: P | D100: Core Engg | E100: 45972 | V100: 2 | X100: =SUM(F100:W100) -> 2 | Y100: 850000
...

Sheet Internship
A1: CAMPUS Internship - 2025-26
A2: Stream | G2: Building | H2: Chemical | J2: Computer | O2: Electrical | T2: Mechanical
A3: Sl.no. | B3: Company Name | C3: Duration | D3: Type | E3: Category | F3: Date of Visit | G3: CV | H3: BT | I3: CH | J3: CS | K3: AIML | L3: CC | M3: IT | N3: DS | O3: BM | P3: EC | Q3: EE | R3: IC | S3: CPS | T3: AE | U3: AU | V3: IP | W3: ME | X3: MT | Y3: BE Total | Z3: Stipend
G4: ='Full Stats'!F4 -> 24 | H4: ='Full Stats'!G4 -> 53 | I4: ='Full Stats'!H4 -> 38 | J4: ='Full Stats'!I4 -> 183 | K4: ='Full Stats'!J4 -> 123 | L4: ='Full Stats'!K4 -> 159 | M4: ='Full Stats'!L4 -> 168 | N4: ='Full Stats'!M4 -> 109 | ... R4: ='Full Stats'!Q4 -> 57 | T4: ='Full Stats'!S4 -> 50 | U4: ='Full Stats'!T4 -> 20 | V4: ='Full Stats'!U4 -> 19 | W4: ='Full Stats'!V4 -> 120 | X4: ='Full Stats'!W4 -> 105 | Y4: =SUM(G4:X4) -> 1507
A5: 1 | B5: Intel | C5: July-Dec | D5: I | E5: Core Engg | F5: 45686 | P5: 10 | Y5: =SUM(G5:X5) -> 10 | Z5: 45000
A6: 2 | B6: ARM | C6: July-Dec | D6: I | E6: Core Engg | F6: 45687 | J6: 1 | M6: 1 | Y6: =SUM(G6:X6) -> 2 | Z6: 45000
A7: 3 | B7: Infineon | C7: July-May | D7: I | E7: Core Engg | F7: 45692 | J7: 1 | P7: 1 | Q7: 1 | Y7: =SUM(G7:X7) -> 3 | Z7: 39000
A8: 4 | B8: Schlumberger (SLB) | C8: July-Dec | D8: I | E8: Core Engg | F8: 45715 | N8: 5 | P8: 1 | Y8: =SUM(G8:X8) -> 6 | Z8: 30000
A9: 5 | B9: Commscope | C9: July-May | D9: I | E9: Core IT | F9: 45748 | Y9: =SUM(G9:X9) -> 0
A10: 6 | B10: NetApp | C10: July-May | D10: I | E10: Core Engg | F10: 45748 | K10: 2 | M10: 2 | Y10: =SUM(G10:X10) -> 4 | Z10: 50000
A11: 7 | B11: e6Data | C11: July-June | D11: I | E11: Core IT | F11: 45748 | K11: 1 | Y11: =SUM(G11:X11) -> 1 | Z11: 40000
A12: 8 | B12: Philips | C12: July-June | D12: I | E12: Core IT | F12: 45764 | J12: 2 | L12: 1 | N12: 3 | S12: 1 | Y12: =SUM(G12:X12) -> 7 | Z12: 45000
A13: 9 | B13: Amazon Tech | C13: July-Dec | D13: I | E13: Core Engg | F13: 45765 | J13: 3 | K13: 2 | M13: 2 | N13: 1 | Y13: =SUM(G13:X13) -> 8 | Z13: 70000
A14: 10 | B14: Amazon Non Tech | C14: July-Dec | D14: I | E14: Core Engg | F14: 45765 | J14: 1 | N14: 10 | X14: 2 | Y14: =SUM(G14:X14) -> 13 | Z14: 70000
A15: 11 | B15: Harness | C15: July-June | D15: I | E15: Core IT | F15: 45765 | K15: 3 | M15: 1 | N15: 1 | Y15: =SUM(G15:X15) -> 5 | Z15: 70000
A16: 12 | B16: Super Agi | C16: July-Dec | D16: I | E16: Core IT | F16: 45770 | J16: 1 | M16: 1 | Y16: =SUM(G16:X16) -> 2 | Z16: 40000
A17: 13 | B17: Indus Insights | C17: July-Dec | D17: I | E17: Core IT | F17: 45771 | K17: 2 | N17: 2 | P17: 1 | W17: 1 | Y17: =SUM(G17:X17) -> 6 | Z17: 100000
A18: 14 | B18: DBS Technology | C18: July-June | D18: I | E18: Fintech | F18: 45782 | M18: 1 | Y18: =SUM(G18:X18) -> 1 | Z18: 90000
A19: 15 | B19: ST Microelectronics | C19: July-June | D19: I | E19: Core Engg | F19: 45790 | P19: 4 | Q19: 4 | R19: 2 | Y19: =SUM(G19:X19) -> 10 | Z19: 40000
A20: 16 | B20: Barsys | C20: July-Dec | D20: I | E20: Core IT | F20: 45806 | Y20: =SUM(G20:X20) -> 0
A21: 17 | B21: Samsung Electro Mechanics | C21: July-June | D21: I | E21: Core Engg | F21: 45807 | N21: 1 | Y21: =SUM(G21:X21) -> 1 | Z21: 30000
A22: 18 | B22: MSCI | C22: July-Dec | D22: I | E22: FinTech | F22: 45810 | J22: 1 | Y22: =SUM(G22:X22) -> 1 | Z22: 60000
A23: 19 | B23: The Porter | C23: July-Dec | D23: I | E23: Core Engg | F23: 45812 | H23: 1 | I23: 1 | O23: 1 | P23: 1 | Q23: 1 | W23: 2 | Y23: =SUM(G23:X23) -> 7 | Z23: 40000
B24: Fischer Jordan PPO | C24: Jan-June | D24: P+I | E24: Analytics | F24: 45812 | J24: 2 | Y24: =SUM(G24:X24) -> 2 | Z24: 60000
A25: 20 | B25: Equal | C25: July-Dec | D25: I | E25: Core IT | F25: 45819 | Y25: =SUM(G25:X25) -> 0
A26: 21 | B26: Nvidia | C26: July-Dec | D26: I | E26: Core Engg | F26: 45832 | J26: 1 | Y26: =SUM(G26:X26) -> 1 | Z26: 80000
A27: 22 | B27: Twara Robotics | C27: July-July | D27: I | E27: Core Engg | F27: 45846 | W27: 1 | Y27: =SUM(G27:X27) -> 1 | Z27: 25000
A28: 23 | B28: Aecesium | C28: July-Dec | D28: I | E28: Core IT | F28: 45855 | J28: 1 | L28: 1 | Y28: =SUM(G28:X28) -> 2 | Z28: 125000
B29: Goldman Sachs PPO | C29: Jan-June | D29: P+I | E29: Fintech | F29: 45859 | J29: 2 | L29: 3 | Y29: =SUM(G29:X29) -> 5 | Z29: 162000
B30: WDC PPO | C30: Jan-June | D30: P+I | E30: Core IT | F30: 45859 | J30: 1 | M30: 1 | P30: 3 | Y30: =SUM(G30:X30) -> 5 | Z30: 35000
B31: D E Shaw PPO | C31: July-July | D31: P+I | E31: Fintech | F31: 45860 | L31: 1 | Y31: =SUM(G31:X31) -> 1 | Z31: 180000
A32: 24 | B32: Siemens Healthineers | C32: July-July | D32: I | E32: Core Engg | F32: 45860 | O32: 1 | X32: 1 | Y32: =SUM(G32:X32) -> 2 | Z32: 25000
A33: 25 | B33: Resmed | C33: July-June | D33: I | E33: Core Engg | F33: 45861 | O33: 1 | Y33: =SUM(G33:X33) -> 1 | Z33: 45000
A34: 26 | B34: HyperVerge (ML) | C34: Aug-June | D34: I | E34: Core IT | F34: 45862 | K34: 1 | Y34: =SUM(G34:X34) -> 1 | Z34: 45000
B35: HyperVerge (DE) | C35: Aug-June | D35: I | E35: Core IT | F35: 45862 | K35: 1 | Y35: =SUM(G35:X35) -> 1 | Z35: 45000
B36: ITC Foods PPO | C36: Jan-June | D36: P+I | E36: FMCG | F36: 45862 | I36: 1 | R36: 1 | Y36: =SUM(G36:X36) -> 2
B37: Saviynt | C37: Aug-June | D37: P+I | E37: Core IT | F37: 45863 | K37: 5 | M37: 2 | Y37: =SUM(G37:X37) -> 7 | Z37: 70000
B38: GE Healthcare PPO | C38: Jan-June | D38: P+I | E38: Healthcare | F38: 45869 | J38: 1 | L38: 1 | M38: 1 | Y38: =SUM(G38:X38) -> 3 | Z38: 40000
A39: 28 | B39: SAP Labs | C39: Aug-May | D39: I | E39: Core IT | F39: 45870 | L39: 1 | N39: 2 | Y39: =SUM(G39:X39) -> 3 | Z39: 35000
B40: JP Morgan PPO | C40: Jan-June | D40: P+I | E40: Fintech | F40: 45874 | J40: 2 | L40: 1 | Y40: =SUM(G40:X40) -> 3 | Z40: 80000
B41: VISA PPO | C41: Jan-June | D41: P+I | E41: Fintech | F41: 45876 | K41: 1 | Y41: =SUM(G41:X41) -> 1 | Z41: 90000
B42: Komprise | C42: Jan-June | D42: P+I | E42: Core IT | F42: 45876 | J42: 1 | Y42: =SUM(G42:X42) -> 1 | Z42: 50000
B43: Oracle | C43: Jan-June | D43: P+I | E43: Core IT | F43: 45877 | J43: 1 | K43: 3 | L43: 1 | M43: 1 | Y43: =SUM(G43:X43) -> 6 | Z43: 60000
B44: Meesho | C44: Jan-June | D44: P+I | E44: Core IT | F44: 45880 | J44: 1 | K44: 2 | L44: 2 | N44: 2 | P44: 1 | Y44: =SUM(G44:X44) -> 8 | Z44: 70000
B45: SAP Labs | C45: Jan-June | D45: P+I | E45: Core IT | F45: 45882 | J45: 2 | K45: 1 | L45: 4 | M45: 8 | N45: 2 | P45: 1 | Y45: =SUM(G45:X45) -> 18 | Z45: 35000
A46: 29 | B46: Nutanix | C46: Jan-June | D46: I | E46: Core Engg | F46: 45883 | K46: 1 | L46: 1 | S46: 2 | Y46: =SUM(G46:X46) -> 4 | Z46: 50000
B47: MUFG | C47: Jan-June | D47: P+I | E47: Fintech | F47: 45889 | J47: 1 | M47: 2 | N47: 1 | Y47: =SUM(G47:X47) -> 4 | Z47: 65000
B48: Sabre (BA) | C48: Jan-June | D48: P+I | E48: Core IT | F48: 45889 | M48: 1 | N48: 2 | Y48: =SUM(G48:X48) -> 3 | Z48: 40000
B49: Sabre (SE) | C49: Jan-June | D49: P+I | E49: Core IT | F49: 45889 | M49: 1 | Y49: =SUM(G49:X49) -> 1 | Z49: 40000
A50: 30 | B50: MSCI | C50: Jan-June | D50: I | E50: Fintech | F50: 45890 | J50: 2 | K50: 3 | Y50: =SUM(G50:X50) -> 5 | Z50: 60000
A51: 31 | B51: BlackRock | C51: Jan-June | D51: I | E51: Fintech | F51: 45890 | J51: 3 | L51: 2 | M51: 1 | N51: 1 | Y51: =SUM(G51:X51) -> 7 | Z51: 50000
B52: Cisco | C52: Jan-June | D52: P+I | E52: Fintech | F52: 45891 | P52: 3 | Y52: =SUM(G52:X52) -> 3 | Z52: 98000
B53: Schneider Electric | C53: Jan-June | D53: P+I | E53: Core Engg | F53: 45891 | L53: 2 | P53: 3 | Q53: 1 | X53: 2 | Y53: =SUM(G53:X53) -> 8 | Z53: 35000
A54: 32 | B54: Schneider Electric | C54: Jan-June | D54: I | E54: Core Engg | F54: 45891 | X54: 1 | Y54: =SUM(G54:X54) -> 1 | Z54: 35000
B55: Saviynt | C55: Jan-June | D55: P+I | E55: Core IT | F55: 45891 | J55: 1 | M55: 1 | Y55: =SUM(G55:X55) -> 2 | Z55: 50000
B56: ABB | C56: Jan-June | D56: P+I | E56: Core Engg | F56: 45893 | L56: 1 | N56: 1 | Y56: =SUM(G56:X56) -> 2 | Z56: 30000
B57: HPE CPP | C57: Jan-June | D57: P+I | E57: Core IT | F57: 45893 | J57: 4 | Y57: =SUM(G57:X57) -> 4 | Z57: 40000
A58: 33 | B58: ARM | C58: Jan-June | D58: I | E58: Core Engg | F58: 45896 | K58: 1 | L58: 1 | P58: 5 | Y58: =SUM(G58:X58) -> 7 | Z58: 45000
B59: Cisco PPO | C59: Jan-June | D59: P+I | E59: Core IT | F59: 45897 | J59: 2 | L59: 1 | M59: 2 | Y59: =SUM(G59:X59) -> 5 | Z59: 98000
B60: Kenvue PPO | C60: Jan-June | D60: P+I | E60: FMCG | F60: 45898 | J60: 1 | Y60: =SUM(G60:X60) -> 1 | Z60: 75000
B61: IBM | C61: Jan-June | D61: P+I | E61: Core IT | F61: 45898 | J61: 1 | K61: 4 | L61: 3 | M61: 5 | N61: 2 | S61: 1 | Y61: =SUM(G61:X61) -> 16 | Z61: 30000
B62: ZS Associates (BTSA) | C62: Jan-June | D62: P+I | E62: Consulting | F62: 45898 | J62: 3 | L62: 8 | M62: 5 | N62: 1 | P62: 1 | Y62: =SUM(G62:X62) -> 18 | Z62: 86000
B63: ZS Associates (DAA) | C63: Jan-June | D63: P+I | E63: Consulting | F63: 45898 | J63: 1 | K63: 1 | L63: 2 | M63: 3 | N63: 2 | Q63: 1 | R63: 1 | S63: 2 | W63: 2 | X63: 1 | Y63: =SUM(G63:X63) -> 16 | Z63: 86000
A64: 34 | B64: HyperVerge(MLE) | C64: Jan-June | D64: I | E64: Core IT | F64: 45899 | K64: 2 | N64: 1 | Y64: =SUM(G64:X64) -> 3 | Z64: 45000
A65: 35 | B65: SolarWinds | C65: Jan-June | D65: I | E65: Core IT | F65: 45901 | Y65: =SUM(G65:X65) -> 0
B66: Rystad Energy | C66: Jan-June | D66: P+I | E66: Analytics | F66: 45901 | J66: 1 | K66: 2 | L66: 1 | M66: 1 | N66: 3 | R66: 1 | W66: 1 | Y66: =SUM(G66:X66) -> 10 | Z66: 42400
A67: 36 | B67: Bottomline | C67: Jan-June | D67: P+I | E67: Core IT | F67: 45901 | J67: 2 | K67: 1 | M67: 1 | N67: 3 | Y67: =SUM(G67:X67) -> 7 | Z67: 50000
B68: GE Healthcare (Non CS) | C68: Jan-June | D68: P+I | E68: Core Engg | F68: 45904 | K68: 1 | L68: 1 | P68: 1 | Q68: 1 | W68: 1 | Y68: =SUM(G68:X68) -> 5 | Z68: 40000
B69: Ge Healthcare (CS Role) | C69: Jan-June | D69: P+I | E69: Core Engg | F69: 45904 | P69: 1 | Y69: =SUM(G69:X69) -> 1 | Z69: 40000
A70: 37 | B70: Honeywell | C70: Jan-June | D70: I | E70: Core Engg | F70: 45905 | I70: 2 | J70: 5 | M70: 6 | P70: 5 | Q70: 4 | R70: 2 | W70: 1 | Y70: =SUM(G70:X70) -> 25 | Z70: 30000
B71: SanDisk | C71: Jan-June | D71: P+I | E71: Core IT | F71: 45905 | J71: 2 | K71: 1 | Y71: =SUM(G71:X71) -> 3 | Z71: 50000
A72: 38 | B72: Goldman Sachs (OP/GM) | C72: Jan-June | D72: I | E72: FinTech | F72: 45908 | K72: 2 | L72: 1 | M72: 1 | P72: 1 | S72: 1 | T72: 1 | X72: 2 | Y72: =SUM(G72:X72) -> 9 | Z72: 70000
A73: 39 | B73: Cloudera | C73: Jan-June | D73: I | E73: Core IT | F73: 45908 | J73: 1 | K73: 2 | L73: 1 | Y73: =SUM(G73:X73) -> 4 | Z73: 45000
B74: Okta India | C74: Jan-June | D74: P+I | E74: Core IT | F74: 45909 | J74: 1 | L74: 1 | M74: 1 | S74: 1 | Y74: =SUM(G74:X74) -> 4 | Z74: 80000
B75: Deloitte India | C75: Jan-June | D75: P+I | E75: Analytics | F75: 45909 | J75: 2 | K75: 6 | L75: 9 | M75: 8 | N75: 1 | P75: 10 | Q75: 2 | R75: 3 | S75: 2 | V75: 1 | W75: 1 | X75: 2 | Y75: =SUM(G75:X75) -> 47 | Z75: 25000
A76: 40 | B76: Cisco SW / BA | C76: Jan-June | D76: I | E76: Core IT | F76: 45911 | N76: 2 | Y76: =SUM(G76:X76) -> 2 | Z76: 98000
B77: LinkedIn PPO | C77: Jan-June | D77: P+I | E77: Core IT | F77: 45911 | K77: 1 | Y77: =SUM(G77:X77) -> 1 | Z77: 110000
B78: Relanto Global | C78: Jan-June | D78: P+I | E78: Consulting | F78: 45911 | K78: 2 | Y78: =SUM(G78:X78) -> 2 | Z78: 42000
A79: 41 | B79: HyperVerge (SDE) | C79: Jan-June | D79: I | E79: Core IT | F79: 45911 | J79: 1 | Y79: =SUM(G79:X79) -> 1 | Z79: 35000
A80: 42 | B80: Addverb | C80: Jan-June | D80: I | E80: Core Engg | F80: 45912 | V80: 1 | X80: 3 | Y80: =SUM(G80:X80) -> 4 | Z80: 25000
B81: FlipKart | C81: Jan-June | D81: P+I | E81: Core Engg | F81: 45916 | P81: 3 | R81: 4 | S81: 1 | T81: 3 | W81: 1 | Y81: =SUM(G81:X81) -> 12 | Z81: 50000
A82: 43 | B82: Amazon | C82: Jan-June | D82: I | E82: Core IT | F82: 45916 | J82: 1 | Y82: =SUM(G82:X82) -> 1 | Z82: 70000
A83: 44 | B83: NXP Semiconductors | C83: Jan-June | D83: I | E83: Core Engg | F83: 45919 | K83: 1 | P83: 2 | Y83: =SUM(G83:X83) -> 3 | Z83: 43000
B84: Twara Robotics | C84: Jan-June | D84: P+I | E84: Core Engg | F84: 45920 | W84: 1 | X84: 2 | Y84: =SUM(G84:X84) -> 3 | Z84: 25000
B85: Qwixpert | C85: Jan-June | D85: P+I | E85: Core IT | F85: 45920 | M85: 2 | R85: 1 | Y85: =SUM(G85:X85) -> 3 | Z85: 30000
A86: 45 | B86: Axxela | C86: Jan-June | D86: I | E86: Analytics | F86: 45922 | M86: 1 | Y86: =SUM(G86:X86) -> 1 | Z86: 20000
B87: Forma AI | C87: Jan-June | D87: P+I | E87: Core IT | F87: 45923 | L87: 1 | M87: 1 | Q87: 1 | W87: 1 | Y87: =SUM(G87:X87) -> 4 | Z87: 40000
A88: 46 | B88: Eli Lilly | C88: Jan-June | D88: I | E88: Core IT | F88: 45924 | J88: 8 | K88: 4 | L88: 9 | M88: 2 | N88: 5 | S88: 1 | Y88: =SUM(G88:X88) -> 29 | Z88: 50000
B89: Oracle CAGIU | C89: Jan-June | D89: P+I | E89: Core IT | F89: 45925 | K89: 2 | Y89: =SUM(G89:X89) -> 2 | Z89: 60000
B90: KPMG | C90: Jan-June | D90: P+I | E90: Analytics | F90: 45925 | H90: 1 | J90: 2 | K90: 2 | L90: 1 | M90: 2 | N90: 1 | P90: 1 | Q90: 2 | R90: 1 | S90: 2 | V90: 1 | W90: 2 | X90: 1 | Y90: =SUM(G90:X90) -> 19 | Z90: 20000
A91: 47 | B91: Bain Capability Network | C91: Jan-June | D91: I | E91: Consulting | F91: 45925 | H91: 1 | K91: 1 | L91: 3 | M91: 3 | N91: 2 | Q91: 1 | S91: 1 | X91: 2 | Y91: =SUM(G91:X91) -> 14 | Z91: 45000
B92: EGDK | C92: Jan-June | D92: P+I | E92: Core IT | F92: 45926 | J92: 5 | N92: 1 | Y92: =SUM(G92:X92) -> 6 | Z92: 25000
B93: Sigmoid Analytics | C93: Jan-June | D93: P+I | E93: Core IT | F93: 45927 | K93: 3 | M93: 2 | N93: 2 | Y93: =SUM(G93:X93) -> 7 | Z93: 25000
A94: 48 | B94: Myntra | C94: Jan-June | D94: I | E94: FMCG | F94: 45927 | J94: 1 | Y94: =SUM(G94:X94) -> 1 | Z94: 70000
B95: Indus Insights(I2P) | C95: Jan-June | D95: P+I | E95: Core IT | F95: 45930 | K95: 2 | N95: 2 | P95: 1 | W95: 1 | Y95: =SUM(G95:X95) -> 6 | Z95: 100000
A96: 49 | B96: HPE Juniper Networks | C96: Jan-June | D96: I | E96: Core IT | F96: 45931 | J96: 3 | K96: 1 | M96: 3 | Y96: =SUM(G96:X96) -> 7 | Z96: 40000
B97: Simnovus | C97: Jan-June | D97: P+I | E97: Core IT | F97: 45933 | J97: 3 | L97: 1 | M97: 1 | Y97: =SUM(G97:X97) -> 5 | Z97: 30000
B98: Cynlr | C98: Jan-June | D98: P+I | E98: Core IT | F98: 45936 | Q98: 1 | Y98: =SUM(G98:X98) -> 1 | Z98: 30000
A99: 50 | B99: Siemens Technology | C99: Jan-June | D99: I | E99: Core IT | F99: 45938 | J99: 2 | K99: 1 | L99: 2 | M99: 1 | N99: 1 | Y99: =SUM(G99:X99) -> 7 | Z99: 25000
B100: Impact Analytics | C100: Jan-June | D100: P+I | E100: Analytics | F100: 45940 | J100: 2 | K100: 1 | N100: 1 | Y100: =SUM(G100:X100) -> 4 | Z100: 15000
...

Sheet Students List
A1: Sl.No. | B1: Reg. No. | C1: Name | D1: CGPA | E1: Contact No. | F1: Email id | G1: Branch | H1: Company Name | I1: Offer Type | J1: CTC | K1: Stipend
A2: 1 | B2: 220962356 | C2: Aditya Gosavi | D2: 8.31 | E2: 9623378824 | F2: adityajgosavi@gmail.com | G2: Electrical & Electronics (EE) | H2: Deloitte | I2: P | J2: 1200000
A3: 2 | B3: 220905006 | C3: Aditya Amit Kinjawadekar | D3: 8.93 | E3: 8310309620 | F3: k.aditya2004@gmail.com | G3: Electrical & Electronics (EE) | H3: Fischer Jordan PPO | I3: P+I | J3: 2478000 | K3: 60000
A4: 3 | B4: 220905192 | C4: Sathu Ashrith | D4: 7.11 | E4: 6301434436 | F4: sathuashrith@gmail.com | G4: Computer Science (CS) | H4: Fischer Jordan PPO | I4: P+I | J4: 2478000 | K4: 60000
A5: 4 | B5: 220953516 | C5: Triyan Mukherjee | D5: 8.66 | E5: 9353455845 | F5: triyanmukherjee@gmail.com | G5: Computer & Communication (CC) | H5: Goldman Sachs PPO | I5: P+I | J5: 3000000 | K5: 162000
A6: 5 | B6: 220953202 | C6: Avadhanam Ruthvik | D6: 8.55 | E6: 7674084916 | F6: aruthvik125@gmail.com | G6: Computer & Communication (CC) | H6: Goldman Sachs PPO | I6: P+I | J6: 3000000 | K6: 162000
A7: 6 | B7: 220953230 | C7: Pragya Gupta | D7: 7.93 | E7: 9920959951 | F7: pragyag2575@gmail.com | G7: Computer & Communication (CC) | H7: Goldman Sachs PPO | I7: P+I | J7: 3000000 | K7: 162000
A8: 7 | B8: 220905544 | C8: Ira Lath Gupta | D8: 9.55 | E8: 9619045161 | F8: iralathgupta@gmail.com | G8: Computer Science (CS) | H8: Goldman Sachs PPO | I8: P+I | J8: 3000000 | K8: 162000
A9: 8 | B9: 220905496 | C9: Areen Chakraborty | D9: 9.45 | E9: 8928830710 | F9: areen.c4@gmail.com | G9: Computer Science (CS) | H9: Goldman Sachs PPO | I9: P+I | J9: 3000000 | K9: 162000
A10: 9 | B10: 220905002 | C10: Pratham Shetty | D10: 9.64 | E10: 9945043670 | F10: prathamshetty484@gmail.com | G10: Computer Science (CS) | H10: WDC PPO | I10: P+I | J10: 2181000 | K10: 35000
A11: 10 | B11: 220911672 | C11: Dillon Asher Almeida | D11: 9.04 | E11: 8668633682 | F11: dillonalmeida80@gmail.com | G11: Information Technology (IT) | H11: WDC PPO | I11: P+I | J11: 2181000 | K11: 35000
A12: 11 | B12: 220907278 | C12: Ramya Anand | D12: 8.35 | E12: 8121253429 | F12: ramya29nrj@gmail.com | G12: Electronics & Communication (EC) | H12: WDC PPO | I12: P+I | J12: 2181000 | K12: 35000
A13: 12 | B13: 220907826 | C13: Steve Mathew Augustian | D13: 7.92 | E13: 9740502283 | F13: stevemathew2004@gmail.com | G13: Electronics & Communication (EC) | H13: WDC PPO | I13: P+I | J13: 2181000 | K13: 35000
A14: 13 | B14: 220907670 | C14: Aditya Raj Singh | D14: 8.32 | E14: 9334434232 | F14: adityarajsingh24.12@gmail.com | G14: Electronics & Communication (EC) | H14: WDC PPO | I14: P+I | J14: 2181000 | K14: 35000
A15: 14 | B15: 220953410 | C15: Rohit Sangubotla | D15: 9.2 | E15: 8886926310 | F15: sangubotlarohit@gmail.com | G15: Computer & Communication (CC) | H15: D E Shaw PPO | I15: P+I | J15: 3000000 | K15: 180000
A16: 15 | B16: 220903104 | C16: Siddhika Ajmera | D16: 8.56 | E16: 7877819938 | F16: siddhika.ajmera.1@gmail.com | G16: Chemical (CH) | H16: ITC Foods PPO | I16: P+I | J16: 1400000
A17: 16 | B17: 220932392 | C17: Paarth Goel | D17: 7.5 | E17: 9321793974 | F17: paarthgoelofficial@gmail.com | G17: Electronics & Instrumentation (E&I) | H17: ITC Foods PPO | I17: P+I | J17: 1400000
A18: 17 | B18: 220962314 | C18: Morvin Prajapati | D18: 8.64 | E18: 7259484661 | F18: tactmorvinap259@gmail.com | G18: CSE AIML | H18: Saviynt | I18: P+I | J18: 2000000 | K18: 70000
A19: 18 | B19: 220962018 | C19: Jeffin Joffy P | D19: 8.58 | E19: 8281596331 | F19: jeffinjoffyp123@gmail.com | G19: CSE AIML | H19: Saviynt | I19: P+I | J19: 2000000 | K19: 70000
A20: 19 | B20: 220962384 | C20: Harshita Jangir | D20: 8.49 | E20: 9530071832 | F20: harshita.jangir08@gmail.com | G20: CSE AIML | H20: Saviynt | I20: P+I | J20: 2000000 | K20: 70000
A21: 20 | B21: 220962296 | C21: Aashna Baheti | D21: 7.89 | E21: 9321606234 | F21: aashna.baheti@gmail.com | G21: CSE AIML | H21: Saviynt | I21: P+I | J21: 2000000 | K21: 70000
A22: 21 | B22: 220962412 | C22: Ashwin Bhat | D22: 7.64 | E22: 9049768106 | F22: ashwin.bhat.m@gmail.com | G22: CSE AIML | H22: Saviynt | I22: P+I | J22: 2000000 | K22: 70000
A23: 22 | B23: 220911352 | C23: Srujana Madiraju | D23: 8.26 | E23: 8341209222 | F23: 2004srujana@gmail.com | G23: Information Technology (IT) | H23: Saviynt | I23: P+I | J23: 2000000 | K23: 70000
A24: 23 | B24: 220911470 | C24: Vannela Harshavardhan Reddy | D24: 7.57 | E24: 9390300076 | F24: harshavardhanr0710@gmail.com | G24: Information Technology (IT) | H24: Saviynt | I24: P+I | J24: 2000000 | K24: 70000
A25: 24 | B25: 220962338 | C25: Ambuj Shukla | D25: 8.83 | E25: 7428500775 | F25: ambujshukla2004@gmail.com | G25: CSE AIML | H25: Uber PPO | I25: P | J25: 4100399
A26: 25 | B26: 220907814 | C26: Jay Tewari | D26: 7.13 | E26: 9864406627 | F26: jaytewari21@gmail.com | G26: Electronics & Communication (EC) | H26: Volvo | I26: P | J26: 750000
A27: 26 | B27: 220907280 | C27: Teja Ram | D27: 8.42 | E27: 8073596802 | F27: 4tejavsss@gmail.com | G27: Electronics & Communication (EC) | H27: Volvo | I27: P | J27: 750000
A28: 27 | B28: 220909072 | C28: Amber Bhargava | D28: 7.26 | E28: 9634302113 | F28: amber.bhargava501@gmail.com | G28: Mechanical (ME) | H28: Volvo | I28: P+I | J28: 750000
A29: 28 | B29: 220909048 | C29: Rajneesh Chiplunkar | D29: 8.35 | E29: 8928413716 | F29: rrchiplunkar25@gmail.com | G29: Mechanical (ME) | H29: Volvo | I29: P+I | J29: 750000
A30: 29 | B30: 220929134 | C30: Sai Adithya Pavan Jayanthi | D30: 7.98 | E30: 9100204547 | F30: saiadithya67@gmail.com | G30: Mechatronics (MT) | H30: Volvo | I30: P+I | J30: 750000
A31: 30 | B31: 220911486 | C31: Vaibhavv Maheshwari | D31: 8.93 | E31: 8208467996 | F31: mvaibhavv17@gmail.com | G31: Information Technology (IT) | H31: AQR Capital PPO | I31: P | J31: 3430600
A32: 31 | B32: 220911478 | C32: Ishan Surana | D32: 8.49 | E32: 7977990529 | F32: ishansurana1234@gmail.com | G32: Information Technology (IT) | H32: AQR Capital PPO | I32: P | J32: 3430600
A33: 32 | B33: 220905179 | C33: Sanskriti Labroo | D33: 8.4 | E33: 8971754306 | F33: sanskritilabroo@gmail.com | G33: Computer Science (CS) | H33: GE Healthcare PPO | I33: P+I | J33: 1620012 | K33: 40000
A34: 33 | B34: 220953458 | C34: Rushil Jalal | D34: 7.94 | E34: 9833127837 | F34: rushiljalal@gmail.com | G34: Computer & Communication (CC) | H34: GE Healthcare PPO | I34: P+I | J34: 1620012 | K34: 40000
A35: 34 | B35: 220911038 | C35: Medini S Rao | D35: 8.22 | E35: 9110855168 | F35: medini98765@gmail.com | G35: Information Technology (IT) | H35: GE Healthcare PPO | I35: P+I | J35: 1620012 | K35: 40000
A36: 35 | B36: 220933094 | C36: Abhinav Pradeep Naidu | D36: 8.41 | E36: 9620604875 | F36: abhinavpradeep558@gmail.com | G36: Aeronautical (AE) | H36: Boeing PPO | I36: P | J36: 1088038
A37: 36 | B37: 220907844 | C37: Swetha M R | D37: 8.21 | E37: 6374663716 | F37: swethamageshwaran09@gmail.com | G37: Electronics & Communication (EC) | H37: Boeing PPO | I37: P | J37: 1088038
A38: 37 | B38: 220962013 | C38: Nikhil Nair | D38: 7.8 | E38: 9036237930 | F38: nikhil37464@gmail.com | G38: CSE AIML | H38: Boeing PPO | I38: P | J38: 1088038
A39: 38 | B39: 220962394 | C39: Aaditya Jain | D39: 8.26 | E39: 9311208671 | F39: aaddii22022@gmail.com | G39: CSE AIML | H39: Boeing PPO | I39: P | J39: 1088038
A40: 39 | B40: 220911006 | C40: Shravari | D40: 7.57 | E40: 8296374626 | F40: shravarik4@gmail.com | G40: Information Technology (IT) | H40: Boeing PPO | I40: P | J40: 1088038
A41: 40 | B41: 220911534 | C41: Arnav Prashant Goel | D41: 8.9 | E41: 9825228253 | F41: arnavpgoel@gmail.com | G41: Information Technology (IT) | H41: Boeing PPO | I41: P | J41: 1088038
A42: 41 | B42: 220911402 | C42: Simran Jain | D42: 9 | E42: 8777713463 | F42: simransim2903@gmail.com | G42: Information Technology (IT) | H42: Boeing PPO | I42: P | J42: 1088038
A43: 42 | B43: 220911392 | C43: Promit Biswas | D43: 9.11 | E43: 9643566455 | F43: promit.biswas0710@gmail.com | G43: Information Technology (IT) | H43: Boeing PPO | I43: P | J43: 1088038
A44: 43 | B44: 220953672 | C44: Amarnath B Bhat | D44: 9.48 | E44: 9353011493 | F44: bhatamar8@gmail.com | G44: Computer & Communication (CC) | H44: JP Morgan PPO | I44: P+I | J44: 1975000 | K44: 80000
A45: 44 | B45: 220905236 | C45: Pokuri Tejeswar | D45: 9.42 | E45: 9505437075 | F45: tejeswarpokuri3@gmail.com | G45: Computer Science (CS) | H45: JP Morgan PPO | I45: P+I | J45: 1975000 | K45: 80000
A46: 45 | B46: 220905330 | C46: Arav Chadda | D46: 9.36 | E46: 9967122850 | F46: aravchadda@gmail.com | G46: Computer Science (CS) | H46: JP Morgan PPO | I46: P+I | J46: 1975000 | K46: 80000
A47: 46 | B47: 220962280 | C47: Baibhav Mishra | D47: 8.57 | E47: 9354122356 | F47: baibhavmishra2010@gmail.com | G47: CSE AIML | H47: VISA PPO | I47: P+I | J47: 1657000 | K47: 90000
A48: 47 | B48: 220905264 | C48: Shivang Gulati | D48: 8.15 | E48: 8224947361 | F48: shivanggulati817@gmail.com | G48: Computer Science (CS) | H48: Komprise | I48: P+I | J48: 2200000 | K48: 50000
A49: 48 | B49: 220953138 | C49: Anushri Sakhardande | D49: 9.36 | E49: 9930023651 | F49: backup.220953138@gmail.com | G49: Computer & Communication (CC) | H49: Oracle | I49: P+I | J49: 2136442 | K49: 60000
A50: 49 | B50: 220905012 | C50: Aarya R | D50: 9.09 | E50: 9845780894 | F50: aaryar.devadiga@gmail.com | G50: Computer Science (CS) | H50: Oracle | I50: P+I | J50: 2136442 | K50: 60000
A51: 50 | B51: 220962244 | C51: Krish Didwania | D51: 9.2 | E51: 9836328157 | F51: krishdidwaniamit@gmail.com | G51: CSE AIML | H51: Oracle | I51: P+I | J51: 2136442 | K51: 60000
A52: 51 | B52: 220962318 | C52: Navya Kulhari | D52: 8.93 | E52: 8591734483 | F52: navya.kulhari227@gmail.com | G52: CSE AIML | H52: Oracle | I52: P+I | J52: 2136442 | K52: 60000
A53: 52 | B53: 220962432 | C53: Tanay Srivastava | D53: 8.51 | E53: 9910334116 | F53: tanaysriva19@gmail.com | G53: CSE AIML | H53: Oracle | I53: P+I | J53: 2136442 | K53: 60000
A54: 53 | B54: 220911184 | C54: Pranav Kumar K | D54: 8.31 | E54: 8848461673 | F54: pranavkumark10@gmail.com | G54: Information Technology (IT) | H54: Oracle | I54: P+I | J54: 2136442 | K54: 60000
A55: 54 | B55: 220953306 | C55: Vansh Rahul Yadav | D55: 7.55 | E55: 9136135469 | F55: vanshy.2204@gmail.com | G55: Computer & Communication (CC) | H55: WellsFargo PPO | I55: P | J55: 2400000
A56: 55 | B56: 220962264 | C56: Anant Agarwal | D56: 9.12 | E56: 8755679267 | F56: anant16agarwal@gmail.com | G56: CSE AIML | H56: WellsFargo PPO | I56: P | J56: 2400000
A57: 56 | B57: 220953242 | C57: Uppaluri Jahnavi | D57: 8.22 | E57: 9701372978 | F57: ujahnavi79@gmail.com | G57: Computer & Communication (CC) | H57: Meesho | I57: P+I | J57: 2350000 | K57: 70000
A58: 57 | B58: 220953634 | C58: Shambhavi Jha | D58: 7.88 | E58: 9878405011 | F58: shambhavijha2k2@gmail.com | G58: Computer & Communication (CC) | H58: Meesho | I58: P+I | J58: 2350000 | K58: 70000
A59: 58 | B59: 220905342 | C59: Arpit Jha | D59: 7.46 | E59: 9324633495 | F59: arpitjha2511@gmail.com | G59: Computer Science (CS) | H59: Meesho | I59: P+I | J59: 2350000 | K59: 70000
A60: 59 | B60: 220962444 | C60: Sriram Sunderrajan | D60: 9.41 | E60: 7200412107 | F60: write2sriram7@gmail.com | G60: CSE AIML | H60: Meesho | I60: P+I | J60: 2350000 | K60: 70000
A61: 60 | B61: 220962398 | C61: Kavish Shah | D61: 8.88 | E61: 9769983228 | F61: shahkavish0809@gmail.com | G61: CSE AIML | H61: Meesho | I61: P+I | J61: 2350000 | K61: 70000
A62: 61 | B62: 220968054 | C62: Kshitij Sohoni | D62: 9.51 | E62: 7994959697 | F62: kshitijsohoni@gmail.com | G62: Data Science (DS) | H62: Meesho | I62: P+I | J62: 2350000 | K62: 70000
A63: 62 | B63: 220968118 | C63: Ayushman Ranjan | D63: 8.79 | E63: 8707057485 | F63: imayushman11@gmail.com | G63: Data Science (DS) | H63: Meesho | I63: P+I | J63: 2350000 | K63: 70000
A64: 63 | B64: 220907640 | C64: Vyjayanthi Seshadri | D64: 8.61 | E64: 9518536252 | F64: vyjayanthi2022@gmail.com | G64: Electronics & Communication (EC) | H64: Meesho | I64: P+I | J64: 2350000 | K64: 70000
A65: 64 | B65: 220953300 | C65: Pranav S Habbu | D65: 9.07 | E65: 9113824119 | F65: pranavshabbu@gmail.com | G65: Computer & Communication (CC) | H65: JP Morgan | I65: P | J65: 1975000
A66: 65 | B66: 220968380 | C66: Anirudh Agrawal | D66: 9.09 | E66: 6201800952 | F66: anirudhagrawal6778@gmail.com | G66: Data Science (DS) | H66: JP Morgan | I66: P | J66: 1975000
A67: 66 | B67: 220953156 | C67: Akshay Tumunuri | D67: 8.51 | E67: 9100514925 | F67: akshayteja04@gmail.com | G67: Computer & Communication (CC) | H67: SAP Labs (TH) | I67: P+I | J67: 2602080 | K67: 35000
A68: 67 | B68: 220953110 | C68: Prakhar Agarwal | D68: 7.55 | E68: 6394102248 | F68: prakharagarwal1434@gmail.com | G68: Computer & Communication (CC) | H68: SAP Labs (TH) | I68: P+I | J68: 2602080 | K68: 35000
A69: 68 | B69: 220905520 | C69: Hima Sravya Kasaraneni | D69: 7.79 | E69: 8897269326 | F69: kasaraneni.himasravya2004@gmail.com | G69: Computer Science (CS) | H69: SAP Labs (TH) | I69: P+I | J69: 2602080 | K69: 35000
A70: 69 | B70: 220962137 | C70: Ankur Monga | D70: 8.83 | E70: 9560201681 | F70: ankur.monga04@gmail.com | G70: CSE AIML | H70: SAP Labs (TH) | I70: P+I | J70: 2602080 | K70: 35000
A71: 70 | B71: 220911037 | C71: Shragvi Raviraj | D71: 8.9 | E71: 8618944293 | F71: shragviraviraj@gmail.com | G71: Information Technology (IT) | H71: SAP Labs (TH) | I71: P+I | J71: 2602080 | K71: 35000
A72: 71 | B72: 220911028 | C72: Diksha Bhartia | D72: 8.58 | E72: 9331987138 | F72: dikshabhartia22@gmail.com | G72: Information Technology (IT) | H72: SAP Labs (TH) | I72: P+I | J72: 2602080 | K72: 35000
A73: 72 | B73: 220911016 | C73: Roshan Kumar | D73: 8.09 | E73: 7795936237 | F73: roshankaveri93@gmail.com | G73: Information Technology (IT) | H73: SAP Labs (TH) | I73: P+I | J73: 2602080 | K73: 35000
A74: 73 | B74: 220911466 | C74: Vansh Kakkar | D74: 7.97 | E74: 7505791617 | F74: v.kakkar1994@gmail.com | G74: Information Technology (IT) | H74: SAP Labs (TH) | I74: P+I | J74: 2602080 | K74: 35000
A75: 74 | B75: 220911364 | C75: Aditya Kumar | D75: 7.7 | E75: 6361042112 | F75: aditya.kumaraug814@gmail.com | G75: Information Technology (IT) | H75: SAP Labs (TH) | I75: P+I | J75: 2602080 | K75: 35000
A76: 75 | B76: 220911456 | C76: Ansh Gagneja | D76: 7.06 | E76: 8171786800 | F76: anshgagneja1614@gmail.com | G76: Information Technology (IT) | H76: SAP Labs (TH) | I76: P+I | J76: 2602080 | K76: 35000
A77: 76 | B77: 220953522 | C77: Harshita Harshita | D77: 7.6 | E77: 9123695664 | F77: harshitaharshi1807@gmail.com | G77: Computer & Communication (CC) | H77: SAP Labs (TDC) | I77: P+I | J77: 2602080 | K77: 35000
A78: 77 | B78: 220953500 | C78: Satvik Agrawal | D78: 7.41 | E78: 8920873563 | F78: satvikagrawal.86@gmail.com | G78: Computer & Communication (CC) | H78: SAP Labs (TDC) | I78: P+I | J78: 2602080 | K78: 35000
... A84: 83 | B84: 220911033 | C84: Manas Changlani | D84: 7.7 | E84: 9836044770 | F84: changlanimanas@gmail.com | G84: Information Technology (IT) | H84: SAP Labs (TDC) | I84: P+I | J84: 2602080 | K84: 35000
A85: 84 | B85: 220968298 | C85: Shivli Mathur | D85: 8.29 | E85: 9839886333 | F85: shivli.mathur017@gmail.com | G85: Data Science (DS) | H85: BNY Mellon PPO | I85: P | J85: 2200000
A86: 85 | B86: 220962356 | C86: Aditya Gosavi | D86: 8.31 | E86: 9623378824 | F86: adityajgosavi@gmail.com | G86: CSE AIML | H86: BNY Mellon PPO | I86: P | J86: 2200000
A87: 86 | B87: 220905546 | C87: Komal Mathur | D87: 9.88 | E87: 8527845810 | F87: komlixmathur@gmail.com | G87: Computer Science (CS) | H87: BNY Mellon PPO | I87: P | J87: 2200000
A88: 87 | B88: 220911264 | C88: Omkar Bhat | D88: 8.87 | E88: 6361337013 | F88: omkar.16.bhat@gmail.com | G88: Information Technology (IT) | H88: BNY Mellon PPO | I88: P | J88: 2200000
A89: 88 | B89: 220953128 | C89: Ashwin Mittal | D89: 8.79 | E89: 9971882633 | F89: ashwin.mittal3@gmail.com | G89: Computer & Communication (CC) | H89: Microsoft PPO | I89: P | J89: 5522250
A90: 89 | B90: 220953074 | C90: Avani Shivaramakrishnan | D90: 7.67 | E90: 9741715465 | F90: avani.shivaram@gmail.com | G90: Computer & Communication (CC) | H90: Microsoft PPO | I90: P | J90: 5522250
A91: 90 | B91: 220905326 | C91: Srihari Srinivasan | D91: 9.67 | E91: 9840977462 | F91: srihari5202004@gmail.com | G91: Computer Science (CS) | H91: Microsoft PPO | I91: P | J91: 5522250
A92: 91 | B92: 220905206 | C92: Anurag Kumar | D92: 8.78 | E92: 9631076495 | F92: tech.anuragkr@gmail.com | G92: Computer Science (CS) | H92: Microsoft PPO | I92: P | J92: 5522250
A93: 92 | B93: 220905232 | C93: Ishita Deodhar | D93: 8.74 | E93: 9810762506 | F93: ishitadeodhar16@gmail.com | G93: Computer Science (CS) | H93: Microsoft PPO | I93: P | J93: 5522250
A94: 93 | B94: 220911668 | C94: Shah Eva Hemantkumar | D94: 9.52 | E94: 7992433846 | F94: shaheva99@gmail.com | G94: Information Technology (IT) | H94: Microsoft PPO | I94: P | J94: 5522250
A95: 94 | B95: 220905548 | C95: Suprotiv Moitra | D95: 9.57 | E95: 8240949676 | F95: suprotiv.2003@gmail.com | G95: Computer Science (CS) | H95: MUFG | I95: P+I | J95: 1900000 | K95: 65000
A96: 95 | B96: 220968296 | C96: Navya Gupta | D96: 8.69 | E96: 8392827965 | F96: navyagupta377028@gmail.com | G96: Data Science (DS) | H96: MUFG | I96: P+I | J96: 1900000 | K96: 65000
A97: 96 | B97: 220911158 | C97: Raghav Singhal | D97: 9.46 | E97: 7452001522 | F97: rsinghal9090@gmail.com | G97: Information Technology (IT) | H97: MUFG | I97: P+I | J97: 1900000 | K97: 65000
A98: 97 | B98: 220911302 | C98: Lakshay Chauhan | D98: 8.71 | E98: 7428233446 | F98: dmslakshay@gmail.com | G98: Information Technology (IT) | H98: MUFG | I98: P+I | J98: 1900000 | K98: 65000
A99: 98 | B99: 220968100 | C99: Kavish Dhandharia | D99: 9.2 | E99: 7620221300 | F99: kavishdhandharia17@gmail.com | G99: Data Science (DS) | H99: Sabre (BA) | I99: P+I | J99: 1329120 | K99: 40000
A100: 99 | B100: 220968136 | C100: Akul Aggarwal | D100: 7.79 | E100: 9810122645 | F100: akulaggarwal0602@gmail.com | G100: Data Science (DS) | H100: Sabre (BA) | I100: P+I | J100: 1329120 | K100: 40000
A101: 100 | B101: 220911296 | C101: Tarini Jhamb | D101: 8.17 | E101: 9741845800 | F101: tarinijhamb11@gmail.com | G101: Information Technology (IT) | H101: Sabre (BA) | I101: P+I | J101: 1329120 | K101: 40000
A102: 101 | B102: 220911652 | C102: Shivansh Arora | D102: 7.97 | E102: 9958983784 | F102: arorashivansh2005@gmail.com | G102: Information Technology (IT) | H102: Sabre (SE) | I102: P+I | J102: 1384500 | K102: 40000
A103: 102 | B103: 220932078 | C103: Sujan Adiga | D103: 7.65 | E103: 8668578700 | F103: sujanadiga1507@gmail.com | G103: Electronics & Instrumentation (E&I) | H103: ITC Foods | I103: P | J103: 1400000
A104: 103 | B104: 220909572 | C104: Paridhi Kothari | D104: 7 | E104: 7026500428 | F104: kotharipari.028@gmail.com | G104: Mechanical (ME) | H104: ITC Foods | I104: P | J104: 1400000
A105: 104 | B105: 220907748 | C105: Anish V R | D105: 7.79 | E105: 9790000234 | F105: vranish2020@gmail.com | G105: Electronics & Communication (EC) | H105: CISCO (HW) | I105: P+I | J105: 2473633 | K105: 98000
...
